1;A129/L133;














1;A129S/L133D;
2;A129S/L133H;
3;A129S/L133K;

4;A129T/L133H;


5;A129Y/L133T;
2;A130/R154;
3;A146/I150;



6;A146D/I150N;












7;A146S/I150H;
8;A146S/I150K;
9;A146S/I150Y;





4;D127/V131;10;D127R/V131R;
11;D127R/V131N;


12;D127N/V131T;

13;D127Q/V131R;
14;D127Q/V131Y;
15;D127E/V131Y;
16;D127H/V131S;
17;D127H/V131N;
18;D127H/V131Y;
19;D127H/V131W;

20;D127K/V131H;
21;D127S/V131H;
22;D127S/V131K;

23;D127T/V131H;
24;D127T/V131R;
25;D127W/V131S;
26;D127W/V131W;
27;D127W/V131Q;
28;D127W/V131T;
29;D127Y/V131T;
30;D127Y/V131Y;
5;R95/L121;
6;N116/E128;
31;N116H/E128H;
7;G77/V103;
8;A42/A49;

9;L118/Q122;



















10;I100/F104;



32;I100N/F104T;






33;I100H/F104S;
34;I100H/F104N;




35;I100S/F104D;
36;I100S/F104H;
37;I100S/F104K;





38;I100Y/F104T;
11;M106/V111;39;M106R/V111T;
12;L121/A129;

13;N116/M120;
40;N116R/M120N;





41;N116Q/M120R;
42;N116Q/M120Y;

43;N116H/M120S;
44;N116H/M120N;
45;N116H/M120Y;


46;N116K/M120H;
47;N116S/M120H;
48;N116S/M120K;

49;N116S/M120Y;




50;N116Y/M120T;
51;N116Y/M120Y;
14;P143/K147;52;P143R/K147N;
53;P143S/K147D;
54;P143T/K147S;

15;I17/I27;
16;M6/N101;
17;V87/L91;


18;S117/L121;




55;S117N/L121E;





56;S117H/L121S;










57;S117W/L121T;

58;S117Y/L121T;
19;A73/G77;59;A73R/G77R;








60;A73Q/G77R;



61;A73H/G77S;

62;A73H/G77Y;




63;A73S/G77H;
64;A73S/G77K;
65;A73W/G77S;




20;K83/V87;
21;A146/F153;

22;R96/V103;

23;L84/Y88;





24;L121/A130;
25;W126/A130;


66;W126T/A130S;
26;E62/L66;


67;E62N/L66T;



















27;C97/N101;


















68;C97T/N101H;





28;R145/V149;

69;R145N/V149T;




70;R145H/V149S;
71;R145H/V149N;








72;R145S/V149Y;





29;A41/E45;73;A41R/E45H;


74;A41N/E45T;

75;A41D/E45W;
76;A41Q/E45R;
77;A41Q/E45Y;
78;A41Q/E45H;

79;A41H/E45S;

80;A41H/E45Y;
81;A41H/E45W;
82;A41K/E45N;

83;A41S/E45H;

84;A41S/E45Y;





30;V75/L79;
85;V75N/L79Y;
86;V75N/L79T;

87;V75Q/L79R;
88;V75Q/L79Y;
89;V75E/L79Y;
90;V75H/L79S;
91;V75H/L79N;
92;V75H/L79Y;

93;V75K/L79N;
94;V75K/L79H;
95;V75S/L79H;
96;V75S/L79K;
97;V75W/L79S;

98;V75W/L79T;
99;V75W/L79Y;
100;V75Y/L79T;
31;A63/F67;




101;A63N/F67E;


















32;A73/R80;

33;A130/A134;














34;G77/N81;

35;V94/N101;
36;N40/S44;102;N40R/S44N;
103;N40R/S44W;

37;V149/F153;
104;V149N/F153Y;
105;V149N/F153T;

106;V149D/F153W;
107;V149Q/F153R;


108;V149H/F153S;
109;V149H/F153N;




110;V149S/F153H;
111;V149S/F153K;





112;V149Y/F153T;

38;K147/T151;113;K147R/T151R;






114;K147D/T151W;
115;K147Q/T151R;
116;K147Q/T151Y;

117;K147E/T151Y;
118;K147H/T151S;

119;K147H/T151Y;
120;K147H/T151W;
39;V87/A129;
40;T151/T155;121;T151N/T155H;
41;R95/M102;
42;L39/K43;122;L39R/K43R;
123;L39R/K43H;
124;L39R/K43N;
125;L39R/K43W;


126;L39Q/K43R;
127;L39Q/K43Y;
128;L39E/K43Y;
129;L39H/K43N;

130;L39K/K43N;
131;L39K/K43H;
132;L39S/K43D;
133;L39S/K43H;


134;L39T/K43S;
135;L39T/K43Q;
136;L39T/K43H;
137;L39T/K43R;
138;L39W/K43S;

139;L39Y/K43T;
43;K147/R154;
44;L91/R95;
140;L91E/R95Q;

45;R148/T152;
46;A63/D70;

47;N144/R148;



48;K60/E64;141;K60R/E64N;

142;K60E/E64Y;
143;K60H/E64N;
49;L66/D70;




144;L66N/D70E;



















50;L66/A73;

51;L84/V103;
52;T26/L32;
53;L39/L46;
54;E128/N132;



145;E128N/N132T;




55;V111/Y139;
56;V87/L121;146;V87E/L121N;
57;L46/I50;


58;I58/A63;
59;L7/E11;147;L7N/E11H;
60;V71/V75;



148;V71N/V75T;





149;V71H/V75S;
150;V71H/V75N;



151;V71K/V75H;
152;V71S/V75H;
153;V71S/V75K;

154;V71T/V75R;


155;V71W/V75T;
156;V71W/V75Y;
157;V71Y/V75T;
61;I3/L7;
158;I3H/L7N;
159;I3S/L7D;
160;I3S/L7K;

161;I3T/L7S;
162;I3T/L7Q;
62;F67/V71;


163;F67N/V71T;
164;F67N/V71E;
165;F67D/V71N;


166;F67Q/V71Y;
167;F67E/V71Y;
168;F67H/V71S;
169;F67H/V71N;


170;F67K/V71N;
171;F67K/V71H;
172;F67S/V71D;








63;L121/W126;
64;S44/K48;





173;S44Q/K48Y;





174;S44H/K48W;
175;S44K/K48N;


65;K60/F67;
66;P86/S90;




176;P86Q/S90H;














67;R95/L99;













177;R95T/L99H;






68;N101/Q105;
69;F114/L118;178;F114R/L118S;
179;F114S/L118H;
70;K19/G23;180;K19T/G23D;
71;D70/G77;181;D70K/G77R;
182;D70K/G77K;
72;N68/V75;
183;N68K/V75K;
73;R137/Q141;
74;S38/A41;
75;A42/L46;




184;A42N/L46T;






















76;S117/A129;
77;L118/L133;185;L118N/L133R;
78;D72/L79;186;D72K/L79K;
79;L121/L133;187;L121D/L133E;
188;L121Q/L133E;
189;L121S/L133Y;
80;T115/R119;190;T115R/R119N;
191;T115K/R119H;
192;T115S/R119D;

81;V94/A98;


















82;Y88/V103;
83;F67/A74;

84;D61/K65;193;D61R/K65R;


194;D61N/K65T;

85;A98/M102;














195;A98S/M102H;








86;K19/Y25;196;K19Q/Y25W;
87;E108/A112;
197;E108S/A112D;

198;E108T/A112S;


88;T109/G113;
199;T109D/G113W;
200;T109E/G113Y;
201;T109H/G113S;
202;T109K/G113N;
203;T109W/G113W;
89;A74/I78;














204;A74S/I78H;

205;A74T/I78R;





90;E64/N68;









91;M6/D10;

206;M6N/D10T;


















92;E5/I9;

207;E5N/I9Y;







208;E5H/I9Y;



209;E5S/I9H;
210;E5S/I9K;
211;E5T/I9H;






93;V71/I78;212;V71K/I78R;

94;I150/R154;

213;I150N/R154T;


















95;M102/V149;214;M102E/V149T;
96;A93/C97;
97;E45/A49;



215;E45N/A49E;
216;E45D/A49N;



217;E45Q/A49H;

218;E45H/A49S;














98;M120/N132;219;M120E/N132R;
220;M120T/N132Q;
99;R96/I100;



221;R96N/I100T;










222;R96S/I100H;


223;R96T/I100H;




100;F4/E64;
101;Q69/A73;


224;Q69N/A73T;








225;Q69H/A73Y;
226;Q69H/A73W;











102;K43/D47;


227;K43N/D47T;


228;K43Q/D47R;
229;K43Q/D47Y;



230;K43H/D47N;


103;K85/D89;
231;K85R/D89N;

232;K85N/D89Y;
233;K85N/D89T;
234;K85N/D89E;
235;K85D/D89N;
236;K85D/D89W;
237;K85Q/D89R;


238;K85H/D89S;
239;K85H/D89N;

240;K85H/D89W;
104;L99/V103;

241;L99N/V103T;
242;L99N/V103E;



243;L99E/V103Y;
244;L99H/V103S;
245;L99H/V103N;


246;L99K/V103N;
247;L99K/V103H;
248;L99S/V103H;
249;L99S/V103K;
250;L99S/V103Y;




105;N68/D72;


106;D47/N53;
107;T142/A146;
108;D20/Y24;251;D20S/Y24Q;
109;M102/M106;252;M102N/M106H;
253;M102E/M106E;
254;M102K/M106E;
110;V87/L118;
111;C97/F104;

112;M120/E128;
113;A41/K48;

114;E64/V71;

115;F4/R8;



255;F4N/R8T;





















116;K65/Q69;

256;K65N/Q69Y;
257;K65N/Q69T;
258;K65D/Q69W;

259;K65Q/Q69Y;
260;K65E/Q69Y;
261;K65H/Q69S;
262;K65H/Q69N;
263;K65H/Q69Y;
264;K65H/Q69K;
265;K65H/Q69W;
117;D70/A74;









266;D70Q/A74H;





267;D70K/A74N;

268;D70S/A74D;









118;D72/R76;269;D72R/R76N;
270;D72R/R76W;

271;D72N/R76T;
272;D72N/R76E;
